cancer_type,n_samples,Gene,n_samp_mut,frac_samp_mut,n_mut,mut_norm,age_diff,age_diff_l,age_diff_h,age_diff_p
BLCA,452,ARID1A,99,0.21902654867256638,126,5.400387404933571,0.29325534693724364,-1.4494373053969938,2.035947999271481,0.597
BLCA,452,ASXL2,31,0.06858407079646017,38,3.720051509371883,1.1136396410057472,-2.0557509627685135,4.283030244780008,0.714
BLCA,452,ATM,40,0.08849557522123894,46,1.4456429375761053,-2.225033127872976,-5.10599598414133,0.6559297283953782,0.124
BLCA,452,CDKN1A,42,0.09292035398230089,55,29.8159516466597,-2.188274234592342,-4.823333295675615,0.4467848264909322,0.149
BLCA,452,CDKN2A,20,0.04424778761061947,25,14.997049206495705,-0.6937287800468823,-4.600499231631618,3.2130416715378534,0.388
BLCA,452,CREBBP,48,0.10619469026548672,50,2.080255973092294,-1.093728780046888,-3.857207176481704,1.6697496163879282,0.251
BLCA,452,CTNNB1,16,0.035398230088495575,17,1.812686817132959,-0.15725819181159295,-4.894378323187043,4.579861939563857,0.458
BLCA,452,CUL1,18,0.03982300884955752,18,2.253610637516652,-0.3337287800468829,-4.9374470339160785,4.269989473822313,0.47
BLCA,452,DIAPH2,20,0.04424778761061947,21,1.664645244045875,-1.095633541951642,-5.358028926504439,3.1667618426011552,0.302
BLCA,452,ELF3,49,0.1084070796460177,72,17.70780616521821,1.3329378866197885,-0.9706751864815355,3.6365509597211125,0.75
BLCA,452,EP300,67,0.14823008849557523,84,3.176517850975852,-2.5123002086183135,-4.645392178945769,-0.37920823829085837,0.045
BLCA,452,ERBB2,53,0.1172566371681416,62,5.032941211680743,1.634013155436989,-0.8480836636016806,4.116109974475659,0.867
BLCA,452,ERBB3,46,0.10176991150442478,54,8.852367812436984,0.12923418291607902,-2.5300741499971378,2.788542515829296,0.538
BLCA,452,ERCC2,40,0.08849557522123894,40,4.711556536516417,3.0162712199531114,-0.07295578303895711,6.1054982229451795,0.973
BLCA,452,FAT1,46,0.10176991150442478,59,1.3264332821818428,-2.5371186105553534,-5.08142956380197,0.007192342691263676,0.074
BLCA,452,FBXW7,33,0.07300884955752213,39,5.44383333935153,4.230373784055686,1.1018361199767215,7.358911448134651,0.99
BLCA,452,FGFR3,65,0.14380530973451328,70,8.059380792903415,-2.276585922904019,-4.6128101325852935,0.059638286777256244,0.054
BLCA,452,FOXA1,12,0.02654867256637168,12,2.4680133408744727,1.1662712199531171,-4.471631535029316,6.8041739749355505,0.653
BLCA,452,FOXQ1,14,0.030973451327433628,14,3.921505639045064,-1.1194430657611747,-6.339274141046211,4.100388009523861,0.327
BLCA,452,GNA13,13,0.028761061946902654,13,3.3088727614331788,-0.17988262620072248,-5.596680857553393,5.236915605151948,0.467
BLCA,452,HRAS,24,0.05309734513274336,24,11.410386491005363,-5.292062113380219,-9.279336734495924,-1.304787492264512,0.009
BLCA,452,KANSL1,17,0.03761061946902655,17,1.5832327896477745,-1.3337287800468829,-6.070848911422333,3.403391351328567,0.288
BLCA,452,KDM6A,92,0.20353982300884957,102,6.355812378394865,0.4015653376001751,-1.5346749542981906,2.3378056294985408,0.65
BLCA,452,KLF5,25,0.05530973451327434,25,6.588894316227158,1.8262712199531137,-2.080499231631622,5.733041671537849,0.827
BLCA,452,KMT2C,87,0.19247787610619468,115,2.1558868863376928,-0.7598157365686262,-2.583669072757734,1.0640375996204816,0.234
BLCA,452,KMT2D,117,0.2588495575221239,150,2.5144565058171526,0.406271219953112,-1.1914723467745114,2.0040147866807354,0.66
BLCA,452,KRAS,18,0.03982300884955752,18,8.382477662297386,3.055160108842003,-1.5485581450271928,7.6588783627111985,0.873
BLCA,452,NFE2L2,26,0.05752212389380531,28,17.02904376095329,1.059128362810256,-2.632579019164894,4.750835744785405,0.737
BLCA,452,NRAS,8,0.017699115044247787,8,3.510888151078573,-5.333728780046883,-12.238331306266884,1.5708737461731186,0.088
BLCA,452,PIK3CA,96,0.21238938053097345,104,8.9964316758407,-0.4683441646622697,-2.385930388780479,1.4492420594559394,0.333
BLCA,452,PSIP1,15,0.033185840707964605,16,4.244075122748424,7.103771219953117,2.2209284834505407,11.986613956455693,0.997
BLCA,452,PTEN,14,0.030973451327433628,15,3.0959255045092617,-0.5337287800468857,-5.576635882746723,4.509178322652952,0.412
BLCA,452,RB1,62,0.13716814159292035,70,6.462452893804478,2.566271219953123,0.2300470102718477,4.902495429634397,0.971
BLCA,452,RBM10,17,0.03761061946902655,17,2.0504162357733473,-0.39255230945865094,-5.129672440834101,4.344567821916799,0.462
BLCA,452,RHOA,15,0.033185840707964605,16,14.660851619888547,1.4162712199531171,-3.4665715165494593,6.2991139564556935,0.715
BLCA,452,RHOB,29,0.06415929203539823,33,13.96781009344077,5.090513644195539,1.6897225298865588,8.49130475850452,0.995
BLCA,452,RXRA,24,0.05309734513274336,24,5.402824638538841,4.2079378866197885,0.22066326550408188,8.195212507735494,0.985
BLCA,452,SF1,14,0.030973451327433628,19,2.73602416461006,-7.596886674783725,-12.077880232560489,-3.115893117006962,0.005
BLCA,452,SF3B1,23,0.05088495575221239,23,1.53349137633317,3.9706190460400705,-0.10235574207825682,8.043593834158397,0.97
BLCA,452,SPTAN1,42,0.09292035398230089,65,2.951331424803133,-2.041421087739195,-4.465664656945004,0.38282248146661324,0.245
BLCA,452,STAG2,59,0.13053097345132744,67,5.125232702815647,-0.4232810188528475,-2.8111350421537487,1.9645730044480536,0.381
BLCA,452,TP53,191,0.4225663716814159,219,66.47363404926739,0.5064538683549387,-0.8171306323511545,1.8300383690610318,0.755
BLCA,452,TSC1,30,0.06637168141592921,31,6.597383228949846,-1.9143739413372032,-5.42305444893767,1.5943065662632638,0.173
BLCA,452,TXNIP,18,0.03982300884955752,22,6.433155588400648,4.666271219953117,0.5018162570713915,8.830726182834843,0.97
BLCA,452,ZFP36L1,23,0.05088495575221239,25,6.641171170734912,2.8262712199531137,-1.080499231631622,6.733041671537849,0.892
BRCA,1562,AKT1,38,0.024327784891165175,38,8.057906023164174,-4.389592866858749,-8.80874604435214,0.029560310634643372,0.028
BRCA,1562,ARID1A,55,0.035211267605633804,56,2.8339630817733834,-1.696923693926422,-5.338571112955851,1.9447237251030067,0.198
BRCA,1562,BRCA1,17,0.01088348271446863,17,1.0939002856616196,-3.355537139304573,-9.95970866103826,3.248634382429114,0.167
BRCA,1562,CASP8,15,0.009603072983354673,16,5.699259696192581,-2.116566551069276,-8.923850315113327,4.690717212974776,0.287
BRCA,1562,CBFB,19,0.012163892445582587,19,10.572429888548738,1.3998808173517787,-4.847297763067849,7.6470593977714065,0.677
BRCA,1562,CDH1,123,0.07874519846350832,124,14.406282720160636,3.9483528037694384,1.4976625607357574,6.399043046803119,0.999
BRCA,1562,CDKN1B,8,0.005121638924455826,8,4.341881400831181,-3.054066551069276,-12.67943070479299,6.571297602654438,0.284
BRCA,1562,CHD4,29,0.01856594110115237,30,1.8182589824006978,-0.879066551069279,-5.8518392433089215,4.0937061411703635,0.345
BRCA,1562,CTCF,25,0.016005121638924456,26,3.8328698989890198,-0.33291270491542946,-5.674086912730472,5.008261502899613,0.47
BRCA,1562,ERBB2,47,0.030089628681177975,55,5.025784778993642,-1.542702914705643,-5.217231412292241,2.1318255828809547,0.261
BRCA,1562,FBXW7,16,0.010243277848911651,16,2.5319959478307803,-0.9290665510692762,-7.736350315113328,5.878217212974776,0.376
BRCA,1562,FOXA1,37,0.023687580025608196,40,8.614406932445421,10.045933448930718,5.738498187005734,14.353368710855701,1
BRCA,1562,GATA3,124,0.0793854033290653,132,30.440978309731324,-4.633612005614729,-7.009268479349982,-2.2579555318794764,0.001
BRCA,1562,GPS2,12,0.0076824583866837385,12,3.938874793843463,-8.929066551069276,-16.78879215230636,-1.069340949832191,0.016
BRCA,1562,KMT2C,123,0.07874519846350832,137,3.055070640025668,2.7041451277628425,0.37200361495138123,5.036286640574303,0.972
BRCA,1562,KRAS,6,0.0038412291933418692,6,7.845855864659854,11.820933448930724,0.7069789926250287,22.93488790523642,0.975
BRCA,1562,MAP2K4,44,0.028169014084507043,45,11.122916505616725,-1.4679554399581676,-5.529462791259106,2.5935519113427707,0.249
BRCA,1562,MAP3K1,100,0.06402048655569782,141,9.721324825478522,4.05497600212221,1.755963771292354,6.353988232952066,0.997
BRCA,1562,NCOR1,51,0.03265044814340589,52,2.3378726485798533,2.7055488335461106,-1.073255958638498,6.484353625730719,0.916
BRCA,1562,NF1,38,0.024327784891165175,43,9.001887767423744,-1.434880504557647,-5.589596820446128,2.7198358113308343,0.263
BRCA,1562,PIK3CA,351,0.22471190781049935,380,38.42196348507753,0.715670291035984,-0.6916043579208067,2.1229449399927747,0.807
BRCA,1562,PIK3R1,24,0.015364916773367477,26,7.015118184872339,4.244010372007644,-1.0971638358073985,9.585184579822686,0.919
BRCA,1562,PTEN,62,0.03969270166453265,68,16.727468279109786,3.2735805077542466,-0.031977299878848786,6.5791383153873415,0.969
BRCA,1562,PTPRD,26,0.016645326504481434,26,2.0456879611707186,7.12862575662303,1.7874515488079883,12.469799964438073,0.995
BRCA,1562,RB1,33,0.02112676056338028,37,4.172069749345498,-2.503390875393599,-6.981771896920728,1.9749901461335302,0.16
BRCA,1562,RUNX1,36,0.023047375160051217,38,10.702552102561645,1.5577755541938814,-2.8613776232995107,5.9769287316872735,0.779
BRCA,1562,SF3B1,29,0.01856594110115237,29,2.4369248356133797,2.09679551789624,-2.960883717047607,7.154474752840087,0.802
BRCA,1562,TBX3,32,0.020486555697823303,33,4.6751739695329775,5.608812236809513,0.8671662636412663,10.35045820997776,0.989
BRCA,1562,TP53,482,0.3085787451984635,494,173.04775802193834,-2.958439020704901,-4.195556873616467,-1.721321167793335,0
CESC,305,AKT1,6,0.019672131147540985,6,2.736334728978113,3.1966836479872143,-7.737519500035546,14.130886796009975,0.713
CESC,305,ARID1A,11,0.036065573770491806,12,1.5903540413707977,4.946683647987214,-2.786702278621412,12.68006957459584,0.885
CESC,305,CASP8,12,0.03934426229508197,13,15.801560083936462,-4.252034300730735,-11.682309230813047,3.1782406293515786,0.119
CESC,305,EP300,32,0.10491803278688525,39,3.633338867186949,5.465914417217981,1.1718712513263654,9.759957583109596,0.978
CESC,305,ERBB2,10,0.03278688524590164,13,2.8628102330363725,-2.1751112238076615,-9.605386153889974,5.255163706274652,0.335
CESC,305,ERBB3,12,0.03934426229508197,13,3.2460232461229195,2.3633503146538786,-5.066924615428435,9.793625244736191,0.748
CESC,305,FAT1,20,0.06557377049180328,27,1.5774620888018298,-5.266279314975748,-10.424763352052736,-0.10779527789876031,0.057
CESC,305,FBXW7,33,0.10819672131147541,34,12.225635658796849,-0.40135556769906344,-4.999452601266797,4.19674146586867,0.427
CESC,305,HLA-B,7,0.022950819672131147,7,4.834442624934701,-0.6366496853461214,-10.760133756630863,9.48683438593862,0.463
CESC,305,KLF5,6,0.019672131147540985,7,3.8316652245661493,2.6490646003681633,-7.474419470916578,12.772548671652904,0.688
CESC,305,KMT2C,51,0.16721311475409836,63,2.9474647905177513,-1.7477607964572357,-5.12932302782642,1.6338014349119487,0.148
CESC,305,KMT2D,37,0.12131147540983607,57,2.6539021099909004,0.20545557781177592,-3.3488360536052535,3.7597472092288053,0.52
CESC,305,KRAS,16,0.05245901639344262,16,18.57039865451107,-1.2616496853461214,-7.959960871143458,5.4366615004512155,0.359
CESC,305,LATS1,7,0.022950819672131147,8,1.7455928443481064,-2.6366496853461214,-12.106656453350547,6.8333570826583045,0.306
CESC,305,MAP3K1,5,0.01639344262295082,5,0.7249267485340782,1.3633503146538786,-10.614020628886939,13.340721258194696,0.573
CESC,305,MAPK1,12,0.03934426229508197,12,8.9959521873292,1.8633503146538786,-5.870035611954748,9.596736241262505,0.671
CESC,305,NFE2L2,12,0.03934426229508197,12,18.537704290682708,-2.8866496853461214,-10.620035611954748,4.846736241262505,0.219
CESC,305,NOTCH1,17,0.05573770491803279,17,1.4589859858407688,8.12805619700682,1.6294967133440812,14.626615680669559,0.991
CESC,305,PIK3CA,83,0.2721311475409836,95,20.818650589519624,2.194929262022299,-0.5621126890003958,4.9519712130449935,0.94
CESC,305,POLRMT,8,0.02622950819672131,8,1.425591123356049,-3.1366496853461214,-12.606656453350547,6.3333570826583045,0.237
CESC,305,PTEN,17,0.05573770491803279,21,11.945500867180854,7.887159838463404,2.039300847443198,13.73501882948361,0.98
CESC,305,RB1,11,0.036065573770491806,14,3.3057908261461453,3.577636028939594,-3.5826239886527045,10.737896046531892,0.817
CESC,305,SMAD4,10,0.03278688524590164,11,5.280068217003354,1.636077587381152,-6.440878282594719,9.713033457357023,0.665
CESC,305,STK11,12,0.03934426229508197,16,10.108886364350786,1.4258503146538786,-5.272460871143458,8.124161500451216,0.66
CESC,305,TGFBR2,3,0.009836065573770493,3,1.4796818489471302,-14.303316352012786,-29.76487771129846,1.1582450072728872,0.022
CESC,305,TP53,18,0.05901639344262295,19,14.573055412663738,8.73177136728546,2.5842895732114313,14.87925316135949,0.995
CHOL,507,ARID1A,43,0.08481262327416174,43,8.547971726051678,0.48780017326799197,-2.793839486304921,3.769439832840905,0.647
CHOL,507,BAP1,21,0.04142011834319527,22,13.765374767435336,-1.8895782622499766,-6.470504790254514,2.691348265754561,0.216
CHOL,507,EPHA2,15,0.029585798816568046,15,6.582582488583203,0.21648234381063247,-5.328477931491906,5.761442619113171,0.541
CHOL,507,IDH1,29,0.05719921104536489,32,30.993653452268866,-0.7731009895227032,-4.5741584020575194,3.027956423012113,0.369
CHOL,507,PBRM1,16,0.03155818540433925,16,4.262714931101,-0.7418509895227032,-6.111125459773177,4.627423480727771,0.396
COADREAD,2040,ACVR2A,96,0.047058823529411764,105,7.079438505586816,0.06514275952672222,-2.3864880761245235,2.516773595177968,0.554
COADREAD,2040,AMER1,141,0.06911764705882353,144,4.892906612879004,1.7932459341298994,-0.3006194441583254,3.8871113124181242,0.955
COADREAD,2040,APC,1239,0.6073529411764705,1706,16.17955203130958,-0.5985591329535964,-1.2113771772089543,0.01425891130176149,0.104
COADREAD,2040,ARID1A,113,0.055392156862745096,121,1.7879501307855215,-0.4203330374036227,-2.7043008403725626,1.8636347655653172,0.369
COADREAD,2040,BRAF,190,0.09313725490196079,200,7.009016740549832,2.8812070452409984,1.104031934214248,4.6583821562677485,0.999
COADREAD,2040,CTNNB1,84,0.041176470588235294,90,3.1309935002922087,-0.2594762880923298,-2.9073519396794625,2.388399363494803,0.467
COADREAD,2040,FBXW7,229,0.11225490196078432,259,11.103061345781445,0.16226245064642342,-1.3998657142518658,1.7243906155447126,0.568
COADREAD,2040,GNAS,77,0.037745098039215684,84,11.683951354748974,-0.9521905738066181,-3.6929242934962856,1.7885431458830494,0.267
COADREAD,2040,KRAS,633,0.31029411764705883,646,91.95015567921641,-0.8193813448518767,-1.810314629410412,0.1715519397066585,0.072
COADREAD,2040,NRAS,98,0.04803921568627451,98,14.427288471083308,-0.4494694853712389,-2.9870642806749683,2.0881253099324906,0.355
COADREAD,2040,PCBP1,65,0.031862745098039214,65,5.069227571901671,1.6214724298563823,-1.4939050751093212,4.736849934822086,0.844
COADREAD,2040,PIK3CA,347,0.17009803921568628,382,10.289114005206013,-0.2582476668008695,-1.5452744251323225,1.0287790915305834,0.371
COADREAD,2040,PTEN,87,0.04264705882352941,99,6.85098577786711,-1.3279914396074872,-3.8527495404466747,1.1967666612317003,0.16
COADREAD,2040,SMAD2,57,0.027941176470588237,65,3.8100444410607106,2.068549352933317,-1.0468281520323863,5.183926857899021,0.884
COADREAD,2040,SMAD4,214,0.10490196078431373,228,13.627015475013573,-1.5756429547589903,-3.2403406679056554,0.08905475838767485,0.048
COADREAD,2040,SOX9,167,0.08186274509803922,182,9.653896625900975,0.5471867155706747,-1.31564017493108,2.4100136060724293,0.708
COADREAD,2040,TCF7L2,137,0.06715686274509804,142,7.660692508191589,-2.125678166026603,-4.234217532740604,-0.017138799312601982,0.029
COADREAD,2040,TGIF1,65,0.031862745098039214,73,7.784169611398415,1.0475419767478513,-1.8922892847406856,3.9873732382363882,0.757
COADREAD,2040,TP53,1034,0.5068627450980392,1072,100.7774848494403,-1.4825459398336278,-2.253332434775642,-0.7117594448916137,0.001
COADREAD,2040,ZFP36L2,108,0.052941176470588235,117,6.559273252127313,1.1718143101982719,-1.1508235322044076,3.4944521526009513,0.829
ESSC,908,AJUBA,18,0.019823788546255508,19,4.397057899119081,3.191920922915081,-0.5170056723352219,6.900847518165383,0.947
ESSC,908,CDKN2A,49,0.053964757709251104,49,47.56181484442817,0.5281185598645948,-1.7829942411923234,2.839231360921513,0.666
ESSC,908,CREBBP,36,0.039647577092511016,36,2.126503611174802,1.1743770632659505,-1.52113027829009,3.869884404821991,0.791
ESSC,908,CUL3,14,0.015418502202643172,14,2.4841056305122846,0.9362818251707168,-3.383998804561579,5.256562454903013,0.67
ESSC,908,EP300,69,0.07599118942731277,75,4.132094074534484,-0.2522896034007118,-2.1214352980972846,1.6168560912958612,0.391
ESSC,908,FAT1,103,0.11343612334801761,114,3.6151883751092377,0.5691139053712178,-0.9482952739065698,2.0865230846490053,0.752
ESSC,908,FBXW7,49,0.053964757709251104,51,10.328590244427556,1.6449652985600736,-0.6204805756914347,3.910411172811582,0.899
ESSC,908,KDM6A,27,0.02973568281938326,27,2.6168725148603436,-0.4922896034007138,-3.604160951988958,2.6195817451875305,0.377
ESSC,908,KMT2D,118,0.1299559471365639,128,3.040732147548991,0.3358353965992862,-1.0966390321132375,1.76830982531181,0.661
ESSC,908,NFE2L2,64,0.07048458149779736,69,62.36879493750486,-1.6082316323862216,-3.556687228314474,0.34022396354203077,0.058
ESSC,908,NOTCH1,136,0.14977973568281938,143,7.2226773480052575,1.0461719350608263,-0.3095488218858724,2.401892692007525,0.925
ESSC,908,NOTCH3,47,0.051762114537444934,47,2.739714506298663,-1.3646300289326305,-3.7242966917203666,0.9950366338551055,0.131
ESSC,908,PIK3CA,87,0.09581497797356828,90,11.464393874626268,3.0965992854881748,1.3897338551817675,4.803464715794582,1
ESSC,908,PLXNB2,10,0.011013215859030838,10,1.4244096723084307,4.6077103965992805,-0.5036525165855581,9.719073309784118,0.961
ESSC,908,PTCH1,26,0.028634361233480177,27,3.0775658257519747,1.8410437299326219,-1.2708276186556224,4.952915078520866,0.878
ESSC,908,RB1,23,0.025330396475770924,24,3.491041266684879,-4.908956270067378,-8.20937064118131,-1.6085418989534457,0.002
ESSC,908,TP53,615,0.6773127753303965,695,305.73793881951684,-0.0980449990841663,-0.720583058690975,0.5244930605226424,0.346
ESSC,908,ZFP36L2,13,0.014317180616740088,15,3.7799269659093855,4.2410437299326205,0.06716179965877433,8.414925660206467,0.97
ESSC,908,ZNF750,21,0.023127753303964757,22,3.7903687531080297,-2.2195623306734404,-5.666576991739232,1.2274523303923517,0.126
GBM,775,ATRX,42,0.05419354838709677,45,4.380779032108167,-13.697813303099018,-18.68062526088986,-8.715001345308174,0
GBM,775,BRAF,21,0.027096774193548386,21,6.6650449886267165,-21.416987906273626,-28.70283815144243,-14.131137661104821,0
GBM,775,EGFR,134,0.17290322580645162,167,102.44783045494042,0.7523876283713733,-1.8489741010122538,3.3537493577550004,0.647
GBM,775,GABRA6,16,0.02064516129032258,16,8.70099335269361,5.42229780801209,-2.922724321081356,13.767319937105535,0.849
GBM,775,IDH1,41,0.05290322580645161,41,22.956809392918334,-19.139043655402546,-24.35828154723697,-13.919805763568121,0
GBM,775,KEL,18,0.023225806451612905,18,6.340182942176227,0.9084089191232039,-6.960095603108276,8.776913441354683,0.563
GBM,775,LZTR1,15,0.01935483870967742,15,4.144489384615198,7.857297808012092,-0.7609974344513795,16.475593050475563,0.924
GBM,775,NF1,59,0.07612903225806451,76,33.67647896097952,-4.347439034093171,-8.187219169959299,-0.5076588982270431,0.075
GBM,775,PDGFRA,18,0.023225806451612905,19,4.263627611573555,-10.59743903409317,-18.256440128648897,-2.938437939537442,0.017
GBM,775,PIK3CA,52,0.06709677419354838,55,12.767456309382348,-10.655429464715183,-15.164672166646934,-6.146186762783432,0
GBM,775,PIK3R1,34,0.04387096774193548,34,18.589416386460698,-9.226231603752616,-14.955728036212822,-3.4967351712924097,0.004
GBM,775,PTEN,143,0.18451612903225806,147,84.54963517356816,1.223148148148148,-1.5469552588064777,3.993251555102774,0.754
GBM,775,RB1,30,0.03870967741935484,31,8.004054418282324,0.29084619510886256,-5.708635100654806,6.2903274908725315,0.511
GBM,775,SPTA1,42,0.05419354838709677,44,4.8009856369991475,4.706388717102996,-0.33249093659243023,9.745268370798422,0.935
GBM,775,STAG2,14,0.01806451612903226,14,2.563552299157307,-3.574130763416484,-12.494493012735683,5.346231485902715,0.241
GBM,775,TCF12,4,0.005161290322580645,5,2.264792444744237,-27.142702191987908,-42.062983909333724,-12.222420474642089,0.008
GBM,775,TP53,220,0.2838709677419355,243,200.68119962656436,-10.454924414210133,-12.619065065709746,-8.29078376271052,0
HNSC,902,AJUBA,19,0.02106430155210643,19,3.5601211784701947,6.047101030167397,0.19348298948534914,11.900719070849444,0.988
HNSC,902,ARID2,34,0.037694013303769404,34,2.6540875728844187,-5.616985657139111,-9.993873159632706,-1.2400981546455148,0.004
HNSC,902,CASP8,93,0.10310421286031042,98,39.10602034599252,0.3806133824767386,-2.200062956729807,2.961289721683284,0.588
HNSC,902,CDKN2A,90,0.09977827050997783,94,63.10891067446446,1.3780080850386156,-1.256836896031293,4.012853066108525,0.864
HNSC,902,CUL3,15,0.01662971175166297,15,2.2096721776280153,6.341837872272663,-0.24577242838777646,12.929448172933103,0.976
HNSC,902,CYLD,24,0.026607538802660754,25,2.490343326099696,-4.418162127727342,-9.521715339926278,0.6853910844715942,0.045
HNSC,902,EP300,45,0.04988913525498891,45,1.8918518339696686,0.23072676116154867,-3.5744476983516797,4.035901220674777,0.545
HNSC,902,EPHA2,26,0.028824833702882482,33,3.366992803384299,-2.8157378853031005,-7.258376259397334,1.626900488791133,0.146
HNSC,902,FAT1,148,0.164079822616408,183,4.002324070544287,2.5265373258245702,0.6354728924205852,4.417601759228555,0.982
HNSC,902,FBXW7,38,0.04212860310421286,40,6.111163424189282,4.866837872272654,0.8311618176680451,8.902513926877264,0.987
HNSC,902,FGFR3,15,0.01662971175166297,17,1.9249064942657927,-1.8228680100802848,-8.011047399420523,4.365311379259954,0.287
HNSC,902,FLNA,22,0.024390243902439025,22,1.0652694199826618,-0.6490712186364362,-6.089217489859759,4.791075052586886,0.421
HNSC,902,HLA-A,24,0.026607538802660754,28,7.860339232751398,-4.951019270584489,-9.773653988900497,-0.12838455226848033,0.045
HNSC,902,HLA-B,22,0.024390243902439025,23,28.555138618979683,2.6809683070552666,-2.639684383435548,8.00162099754608,0.836
HNSC,902,HRAS,52,0.057649667405764965,55,26.451075773370658,-0.8763439459091629,-4.3188010828261,2.566113191007775,0.342
HNSC,902,HUWE1,62,0.06873614190687362,65,1.6917695840090363,0.7264532568880426,-2.4406501402150074,3.8935566539910926,0.665
HNSC,902,KDM6A,23,0.025498891352549888,32,4.217374319110846,-0.7144121277273427,-5.225860947791447,3.7970366923367616,0.401
HNSC,902,KEAP1,26,0.028824833702882482,31,5.263283150250336,1.5547410980791057,-3.0288225610273978,6.138304757185609,0.72
HNSC,902,KMT2D,81,0.08980044345898004,90,1.633490053176736,-2.7692732388384513,-5.461862785320213,-0.07668369235668937,0.047
HNSC,902,MAPK1,13,0.014412416851441241,13,3.7472989481058514,-4.288931358496576,-11.364934650076696,2.787071933083544,0.14
HNSC,902,MYH9,27,0.02993348115299335,29,15.855273315378675,0.28666545847955405,-4.452166355232766,5.025497272191874,0.569
HNSC,902,NFE2L2,40,0.04434589800443459,41,28.95732366995123,3.2345207991019223,-0.7516992851770614,7.2207408833809055,0.938
HNSC,902,NOTCH1,112,0.12416851441241686,124,4.826220611658538,1.4579669045307213,-0.837203492739576,3.7531373018010186,0.865
HNSC,902,NSD1,54,0.0598669623059867,59,2.258066974812232,-1.0581621277273427,-4.382089276499485,2.2657650210447993,0.244
HNSC,902,PIK3CA,107,0.11862527716186252,109,10.132652584876707,-0.44348322864477296,-2.8909069310962514,2.0039404738067055,0.357
HNSC,902,PTEN,19,0.02106430155210643,22,5.202124263259665,2.2600196904544774,-3.180126580768845,7.7001659616778,0.749
HNSC,902,RAC1,16,0.017738359201773836,16,6.8963353645837735,11.316837872272657,4.9383100916792655,17.695365652866048,1
HNSC,902,RASA1,18,0.019955654101995565,18,1.743825259174332,0.44183787227265725,-5.572087241316519,6.455762985861833,0.571
HNSC,902,RB1,10,0.011086474501108648,10,1.3770400539615608,4.64183787227266,-3.4256618691524565,12.709337613697777,0.874
HNSC,902,RHOA,11,0.012195121951219513,11,12.049640911745275,-1.9672530368182493,-9.659434693558818,5.72492861992232,0.296
HNSC,902,TGFBR2,23,0.025498891352549888,24,3.852295260570615,5.775171205605986,0.566461910591296,10.983880500620675,0.985
HNSC,902,TP53,401,0.4445676274944568,463,151.76157587709483,-1.6823521925221598,-2.876500643840717,-0.4882037412036031,0.009
HNSC,902,ZNF750,8,0.008869179600886918,8,1.1358950168875896,-7.808162127727343,-16.827613831200754,1.2112895757460684,0.033
KIRC,1026,ATM,28,0.02729044834307992,34,75.63425163927384,2.6624680306905333,-1.2554662996120474,6.580402360993114,0.88
KIRC,1026,BAP1,109,0.10623781676413255,112,37.799364351541584,-1.7402630617464396,-3.9078604022117274,0.4273342787188481,0.076
KIRC,1026,KDM5C,75,0.07309941520467836,84,15.217674066883292,4.918070271586899,2.4188372556999975,7.4173032874738,1
KIRC,1026,KIF1A,10,0.009746588693957114,10,1.732872268697395,3.611879795396419,-3.6032233786396093,10.826982969432446,0.824
KIRC,1026,MTOR,81,0.07894736842105263,86,29.10881132152942,0.3430425860940929,-2.1272194937870057,2.8133046659751915,0.638
KIRC,1026,PBRM1,309,0.30116959064327486,316,48.89905016863702,0.6039051118521144,-0.7003411290371095,1.9081513527413383,0.808
KIRC,1026,PIK3CA,18,0.017543859649122806,18,4.3910394700808615,1.7474353509519744,-3.6326744448484503,7.127545146752399,0.722
KIRC,1026,PTEN,32,0.031189083820662766,36,22.968421254529126,-1.8914535379369184,-5.699405568447482,1.9164984925736444,0.186
KIRC,1026,SETD2,139,0.1354775828460039,153,64.04321573419779,2.2768471156578585,0.4182834449574464,4.13541078635827,0.977
KIRC,1026,TP53,30,0.029239766081871343,32,28.17583659968553,-1.9956202046035827,-6.033705643297802,2.0424652340906366,0.176
KIRC,1026,VHL,504,0.49122807017543857,530,611.6175371545444,-0.9183088838488658,-1.9364401869843855,0.09982241928665392,0.08
KIRP,311,BAP1,9,0.028938906752411574,9,5.538072640424951,-1.179296913039245,-8.701280780220067,6.342686954141578,0.374
KIRP,311,CUL3,7,0.022508038585209004,7,4.472823011312075,-1.3539000876424154,-9.881535289998464,7.173735114713633,0.4
KIRP,311,KDM6A,6,0.01929260450160772,7,2.594652564787943,2.3603856266433,-6.167249575712749,10.888020828999348,0.675
KIRP,311,KRAS,6,0.01929260450160772,6,14.185238693018297,-2.9015191352614664,-12.111611576665743,6.30857330614281,0.291
KIRP,311,MET,29,0.0932475884244373,31,10.010910124835581,-0.16495999547651508,-4.225719399563498,3.8957994086104675,0.479
KIRP,311,NF2,6,0.01929260450160772,8,7.363921725883815,9.55681419807187,1.5792436613483316,17.534384734795406,0.963
KIRP,311,PIK3CA,4,0.012861736334405145,5,2.1010253754860275,2.331814198071875,-7.756453228392511,12.42008162453626,0.632
KIRP,311,SETD2,10,0.03215434083601286,11,8.3607300813334,-2.2500039837463106,-9.055085028985962,4.555077061493341,0.276
KIRP,311,SMARCB1,3,0.00964630225080386,3,3.411639685662628,-3.4015191352614664,-16.423135287738965,9.620097017216034,0.3
LAML,939,ASXL1,13,0.013844515441959531,13,7.6516878263461,-5.365699058447333,-16.392782592009574,5.661384475114909,0.235
LAML,939,CEBPA,28,0.029818956336528223,33,83.42913793260072,-19.167563860312132,-26.11512470433498,-12.220003016289281,0.001
LAML,939,DNMT3A,51,0.054313099041533544,56,73.66093056640338,11.746938304190031,6.3903859931419245,17.103490615238137,0.999
LAML,939,EZH2,18,0.019169329073482427,22,28.68875528525255,-11.144230526978802,-19.635413706795177,-2.6530473471624276,0.035
LAML,939,FLT3,129,0.13738019169329074,137,125.0928385750595,0.8763335075268444,-2.6002069398815855,4.352873954935275,0.624
LAML,939,IDH1,31,0.03301384451544196,31,67.79721621408642,-0.6436146912016696,-7.809062727911773,6.521833345508433,0.468
LAML,939,IDH2,24,0.025559105431309903,24,48.08518646245822,3.2945573518090825,-4.838233944249563,11.427348647867728,0.719
LAML,939,KIT,75,0.07987220447284345,83,77.10486718705077,-23.886607306825457,-28.308806138917895,-19.46440847473302,0
LAML,939,KRAS,36,0.038338658146964855,36,172.87769418645692,-24.9332204259687,-31.588794781056322,-18.277646070881076,0
LAML,939,NPM1,90,0.09584664536741214,94,289.2038714610728,0.5065431674119196,-3.6573780670664116,4.670464401890251,0.572
LAML,939,PHF6,11,0.011714589989350373,11,30.719036428516578,-3.7433214360697065,-15.726432973921117,8.239790101781704,0.3
LAML,939,PTPN11,43,0.04579339723109691,45,88.59513069750639,-24.290109314857585,-30.253197465173752,-18.327021164541417,0
LAML,939,RAD21,14,0.014909478168264111,14,20.10523816883637,-21.610204552952826,-32.23820277795093,-10.982206327954723,0
LAML,939,RUNX1,29,0.0308839190628328,33,76.79759107129145,9.534557351809084,2.5869965077862336,16.482118195831937,0.961
LAML,939,SF3B1,8,0.008519701810436636,8,5.563879812897465,-10.163775981524253,-24.207138822387222,3.8795868593387173,0.134
LAML,939,SMC1A,27,0.02875399361022364,27,19.858519571256295,-3.2180352407835073,-10.890089692419316,4.454019210852302,0.257
LAML,939,SMC3,18,0.019169329073482427,18,13.412924548949244,-11.069887092635362,-20.450074645898596,-1.6896995393721266,0.041
LAML,939,TET2,42,0.04472843450479233,56,43.590087556447976,-3.3493116958099662,-8.705864006858073,2.007240615238141,0.202
LAML,939,TP53,30,0.03194888178913738,36,117.41780453048692,3.72983512958686,-2.9257392255007613,10.385409484674481,0.775
LAML,939,U2AF1,10,0.010649627263045794,10,54.02427943326779,-10.051775981524251,-22.61736057579068,2.513808612742178,0.096
LAML,939,WT1,80,0.08519701810436635,90,285.7865688497571,-20.472664870413144,-24.72494906518697,-16.22038067563932,0
LGG,591,ARID1A,9,0.015228426395939087,9,2.77750481741002,-8.502814392912036,-17.446514226782845,0.440885440958775,0.031
LGG,591,ARID2,9,0.015228426395939087,10,2.845443388404303,0.3749633848657439,-8.110636621370793,8.86056339110228,0.538
LGG,591,ATRX,98,0.1658206429780034,108,23.470285392874196,-9.429944022541669,-12.037587959784119,-6.822300085299218,0
LGG,591,CIC,74,0.12521150592216582,82,26.624437104477604,-3.834792712695233,-6.819670486377718,-0.8499149390127476,0.01
LGG,591,EGFR,35,0.05922165820642978,42,57.904072105902344,10.870201480103837,6.71622561974677,15.024177340460906,1
LGG,591,FUBP1,20,0.0338409475465313,20,16.723920012700656,-2.625036615134256,-8.631349196861477,3.3812759665929644,0.205
LGG,591,IDH1,434,0.7343485617597293,434,546.3415861498484,-5.885981315595082,-7.228336296636754,-4.54362633455341,0
LGG,591,IDH2,16,0.02707275803722504,16,18.452040833943666,-9.162536615134258,-15.875076744513105,-2.4499964857554097,0.007
LGG,591,MAX,2,0.00338409475465313,2,10.046603963673656,-2.2250366151342575,-21.18400126400831,16.733928033739794,0.407
LGG,591,NF1,26,0.043993231810490696,31,5.8864609139271,-5.073423711908447,-9.90318271448204,-0.24366470933485296,0.028
LGG,591,NIPBL,10,0.01692047377326565,11,2.1299694096446746,-9.543218433316078,-17.634741769226448,-1.4516950974057075,0.019
LGG,591,NOTCH1,24,0.04060913705583756,26,5.314166102850853,0.7365018464042024,-4.53458351017969,6.007587202988095,0.619
LGG,591,NRAS,6,0.01015228426395939,6,16.497581245611478,-5.391703281800922,-16.342117108733547,5.558710545131705,0.176
LGG,591,PIK3CA,32,0.05414551607445008,33,17.22274965201198,-1.343218433316082,-6.025279883915163,3.338843017282999,0.316
LGG,591,PIK3R1,9,0.015228426395939087,9,13.52154698169725,-6.762814392912034,-15.706514226782845,2.180885440958777,0.075
LGG,591,PLCG1,3,0.005076142131979695,3,1.2139970707460033,12.274963384865742,-3.2065401522318915,27.756466921963376,0.933
LGG,591,PTEN,22,0.03722504230118443,22,29.741926585528944,6.593145203047563,0.8651907650055675,12.321099641089557,0.991
LGG,591,PTPN11,10,0.01692047377326565,10,24.186268801436576,-10.065036615134254,-18.550636621370792,-1.5794366088977174,0.012
LGG,591,SETD2,8,0.01353637901861252,9,7.955686387477615,13.8305189404213,4.8868191065504885,22.77421877429211,0.995
LGG,591,SMARCA4,19,0.032148900169204735,20,6.530292576387875,-4.075036615134259,-10.08134919686148,1.9312759665929615,0.101
LGG,591,TCF12,5,0.008460236886632826,5,5.0918460634603315,-4.325036615134259,-16.319395319904395,7.669322089635877,0.243
LGG,591,TP53,239,0.40439932318104904,275,505.9835087159277,-8.871400251497896,-10.53249543874385,-7.2103050642519415,0
LGG,591,ZBTB20,15,0.025380710659898477,16,14.837137094334187,-0.9125366151342575,-7.625076744513105,5.80000351424459,0.401
LGG,591,ZCCHC12,6,0.01015228426395939,6,9.074351967189108,2.7749633848657425,-8.175450442066884,13.725377211798369,0.689
LIHC,1164,ACVR2A,20,0.01718213058419244,20,5.180173081213601,3.320414391262453,-2.389377582687562,9.030206365212468,0.869
LIHC,1164,ALB,50,0.0429553264604811,54,13.244019338619157,4.4815255023735645,1.0047608860658537,7.958290118681275,0.986
LIHC,1164,APOB,88,0.07560137457044673,93,10.78213347603627,2.375790735348474,-0.27516269430201623,5.026744164998965,0.945
LIHC,1164,ARID1A,72,0.061855670103092786,78,3.51541550851329,0.6268246476727057,-2.2671313633695087,3.52078065871492,0.651
LIHC,1164,ARID2,54,0.04639175257731959,62,4.242177240897029,5.1607369719076175,1.9156075313271592,8.405866412488075,0.998
LIHC,1164,AXIN1,61,0.05240549828178694,64,6.887584019207322,-2.0670856087375498,-5.261209851762087,1.1270386342869871,0.11
LIHC,1164,BAP1,14,0.012027491408934709,16,2.400856473713153,-0.25458560873754976,-6.637917220103143,6.128746002628043,0.49
LIHC,1164,BRD7,20,0.01718213058419244,20,2.818156948087491,-7.929585608737547,-13.639377582687562,-2.219793634787532,0.004
LIHC,1164,CDKN1A,11,0.009450171821305841,12,6.904281192587218,4.12041439126245,-3.249948733133209,11.49077751565811,0.835
LIHC,1164,CDKN2A,18,0.015463917525773196,19,11.978373845468141,0.3440986017887653,-5.513930326772702,6.202127530350232,0.558
LIHC,1164,CREB3L3,3,0.002577319587628866,3,0.7620109677437398,3.5370810579291145,-11.201515010996731,18.27567712685496,0.676
LIHC,1164,CTNNB1,246,0.211340206185567,260,29.69601565471928,5.20502977587784,3.615329527858637,6.794730023897043,1
LIHC,1164,DHX9,25,0.02147766323024055,27,1.930507723158806,2.351895872743931,-2.5628627488096845,7.266654494297547,0.832
LIHC,1164,EEF1A1,14,0.012027491408934709,18,4.163476215160931,4.9815255023735645,-1.0369304806059487,10.999981485353079,0.911
LIHC,1164,GNAS,14,0.012027491408934709,14,4.14005958852898,-0.9152998944518345,-7.739149327548241,5.908549538644572,0.37
LIHC,1164,HIST1H1E,7,0.006013745704467354,9,3.5849152346125943,-1.240696719848664,-9.750849054081042,7.269455614383714,0.393
LIHC,1164,IDH1,8,0.006872852233676976,8,1.900436991842821,5.12041439126245,-3.9058203073832445,14.146649089908145,0.875
LIHC,1164,IL6ST,12,0.010309278350515464,13,1.5320150575267497,2.178106698954757,-4.903222832402273,9.259436230311787,0.703
LIHC,1164,KEAP1,38,0.03264604810996564,40,6.1692407948533186,-0.6295856087375498,-4.668314150745976,3.4091429332708767,0.378
LIHC,1164,KRAS,16,0.013745704467353952,16,7.418519474330588,-6.81708560873755,-13.200417220103143,-0.43375399737195686,0.025
LIHC,1164,LZTR1,12,0.010309278350515464,13,1.4587843734452095,6.331952852800917,-0.7493766785561125,13.413282384157947,0.959
LIHC,1164,NFE2L2,35,0.03006872852233677,36,24.06774077697657,5.814858835706893,1.5579383228628432,10.071779348550944,0.998
LIHC,1164,NRAS,8,0.006872852233676976,8,4.150954482183004,-3.2545856087375498,-12.280820307383244,5.771649089908145,0.238
LIHC,1164,NUP133,20,0.01718213058419244,21,1.817761686233986,3.6323191531672094,-1.9399566912080282,9.204594997542447,0.889
LIHC,1164,PIK3CA,21,0.01804123711340206,21,2.013505504178014,6.203747724595779,0.6314718802205412,11.776023568971016,0.986
LIHC,1164,RB1,28,0.024054982817869417,29,3.0185149206641144,-2.233033884599621,-6.975442978823078,2.509375209623836,0.173
LIHC,1164,RPS6KA3,33,0.028350515463917526,34,4.3077164960232475,0.3410026265565662,-4.039191892773135,4.721197145886268,0.541
LIHC,1164,SMARCA4,27,0.023195876288659795,27,1.4605210215088347,0.8333773542254121,-4.0813812673282035,5.748135975779028,0.622
LIHC,1164,TP53,293,0.25171821305841924,303,94.98493356665847,-2.2648991400906837,-3.738493193005096,-0.7913050871762715,0.004
LIHC,1164,TSC2,29,0.02491408934707904,29,1.8506601984872222,-2.991654574254788,-7.734063668478245,1.7507545199686687,0.131
LIHC,1164,XPO1,11,0.009450171821305841,11,1.0626925343068012,0.2340507548988171,-7.463918864890152,7.932020374687786,0.509
LUAD,1029,ARID1A,47,0.0456754130223518,52,1.0977357830381524,0.4052835069050573,-2.3637417404913106,3.1743087543014252,0.578
LUAD,1029,ATM,54,0.052478134110787174,61,0.8645301778141375,-3.8554352825022633,-6.41225639418832,-1.2986141708162058,0.01
LUAD,1029,BRAF,61,0.05928085519922255,66,3.66107959670982,0.057381409002957184,-2.400798500946993,2.5155613189529076,0.501
LUAD,1029,CDKN2A,21,0.02040816326530612,23,7.130041601379007,-1.545385389416019,-5.707810724637336,2.617039945805298,0.251
LUAD,1029,CTNNB1,33,0.03206997084548105,35,1.9010405036924847,-0.6633978117762638,-4.038020916964834,2.711225293412307,0.363
LUAD,1029,EGFR,116,0.11273080660835763,131,5.04676630276524,-1.0419038095952473,-2.7877848239539738,0.7039772047634789,0.187
LUAD,1029,KEAP1,125,0.12147716229348883,127,8.919682043325139,-0.7905069231373432,-2.563602524028989,0.9825886777543027,0.2
LUAD,1029,KRAS,248,0.24101068999028183,256,55.93373023445118,0.7445262953665903,-0.5058431686807547,1.9948957594139354,0.83
LUAD,1029,MET,28,0.027210884353741496,30,2.6450279600758395,0.40374504536658407,-3.241093431166738,4.048583521899906,0.569
LUAD,1029,MGA,55,0.05344995140913508,60,1.0117737834181797,-1.1062549546334068,-3.684270675533798,1.4717607662669843,0.216
LUAD,1029,NF1,60,0.05830903790087463,67,5.909947676988441,-1.2689415217975863,-3.7087307272547756,1.170847683659603,0.192
LUAD,1029,PIK3CA,39,0.037900874635568516,41,1.8151571109737765,2.8035011429275656,-0.31461169369742636,5.921613979552557,0.941
LUAD,1029,RB1,29,0.028182701652089408,31,1.3779758369367663,-0.903029148181794,-4.488631667374772,2.6825733710111836,0.314
LUAD,1029,RBM10,48,0.04664723032069971,52,2.6111481391467035,2.3860527376742837,-0.3829725097220842,5.155077985070651,0.942
LUAD,1029,RIT1,14,0.013605442176870748,14,2.7878362379512853,-3.3062549546334097,-8.640950715741003,2.0284408064741823,0.113
LUAD,1029,SETD2,39,0.037900874635568516,46,3.284021558221168,-2.5019071285464562,-5.445821806801727,0.44200754970881473,0.091
LUAD,1029,SMARCA4,69,0.06705539358600583,77,2.040160961188234,-0.8711900195684734,-3.147257223336871,1.4048771841999241,0.262
LUAD,1029,STK11,89,0.08649173955296405,101,9.99068329225486,-2.301205449682911,-4.288981683187439,-0.31342921617838293,0.031
LUAD,1029,TP53,352,0.34207968901846453,374,55.73357402103573,-1.1321640455424955,-2.16778553359189,-0.09654255749310114,0.023
LUAD,1029,U2AF1,10,0.009718172983479106,10,1.884826004237293,-6.5062549546334125,-12.818115011007485,-0.19439489825934064,0.037
LUSC,646,ARHGAP35,27,0.04179566563467492,30,1.3019413611362587,2.4848591742508006,-0.6758435098139794,5.645561858315581,0.912
LUSC,646,ARID1A,33,0.05108359133126935,36,1.165983933010893,-2.4040297146380922,-5.289546719041066,0.48148728976488187,0.069
LUSC,646,CDKN2A,52,0.0804953560371517,52,24.793635738946946,-0.5856536462620312,-2.9870001833912365,1.8156928908671741,0.332
LUSC,646,CUL3,18,0.02786377708978328,18,1.634099273453592,-1.9040297146380993,-5.983903947316928,2.175844518040729,0.183
LUSC,646,EP300,33,0.05108359133126935,34,0.8562274205499691,-2.0935721982982187,-5.062674933406392,0.8755305368099537,0.104
LUSC,646,FAT1,65,0.10061919504643962,88,1.2391415028824324,-2.113625674234058,-3.9603357044605203,-0.26691564400759527,0.066
LUSC,646,FBXW7,28,0.043343653250773995,28,3.1097325504846935,-3.4675217781301555,-6.739082991776519,-0.19596056448379162,0.026
LUSC,646,FGFR2,15,0.02321981424148607,15,1.1180260722509734,-1.0484741590825308,-5.517594867139971,3.4206465489749096,0.305
LUSC,646,HLA-A,9,0.01393188854489164,10,1.914619648729792,0.3181925075841292,-5.155018464900064,5.791403480068323,0.507
LUSC,646,HRAS,10,0.015479876160990712,10,3.0230836558891454,1.3181925075841292,-4.155018464900064,6.791403480068323,0.673
LUSC,646,KDM6A,22,0.034055727554179564,23,0.9640042986611541,-2.0513727098071683,-5.660852635220871,1.558107215606534,0.154
LUSC,646,KEAP1,62,0.09597523219814241,65,6.708827249149191,-1.6741151847235614,-3.822272710439517,0.4740423409923942,0.068
LUSC,646,KLF5,13,0.020123839009287926,13,2.347626272284486,-1.9510382616466444,-6.751531125172992,2.849454601879703,0.227
LUSC,646,KMT2D,101,0.1563467492260062,122,1.4624126244360816,-0.034266508809309926,-1.603304014542118,1.5347709969234982,0.495
LUSC,646,NF1,52,0.0804953560371517,55,1.2741658929927138,-1.0727165833249614,-3.4077358317745263,1.2623026651246034,0.179
LUSC,646,NFE2L2,89,0.13777089783281735,92,38.831722453111276,-1.497024883720215,-3.3032276938115146,0.30917792637108454,0.079
LUSC,646,NOTCH1,36,0.05572755417956656,40,1.1011310186356784,-0.25680749241587364,-2.9943779199155793,2.480762935083832,0.433
LUSC,646,PIK3CA,65,0.10061919504643962,70,4.360971827276649,-0.6532360638444459,-2.7233739617649135,1.4169018340760218,0.282
LUSC,646,PTEN,52,0.0804953560371517,56,8.530483583449568,1.103906793298421,-1.210197329851188,3.41801091644803,0.82
LUSC,646,RASA1,24,0.03715170278637771,26,1.4798109880449726,1.4720386614302896,-1.9229410692667992,4.867018392127378,0.778
LUSC,646,RB1,26,0.04024767801857585,27,1.6693669703672027,-0.07069638130475653,-3.402252099978046,3.260859337368533,0.489
LUSC,646,TP53,344,0.5325077399380805,367,76.91950966400458,-0.5360309256583804,-1.443275066021514,0.371213214704753,0.11
OV,561,BRCA1,12,0.0213903743315508,12,15.560055216166367,0.49066967644846216,-6.049501177405786,7.030840530302711,0.551
OV,561,CDK12,18,0.03208556149732621,18,2.72379236178365,-2.2315525457737593,-7.573024434044322,3.109919342496803,0.212
OV,561,KRAS,6,0.0106951871657754,6,7.162565099505152,-2.6759969902182092,-11.922692258846043,6.570698278409624,0.274
OV,561,NF1,27,0.0481283422459893,28,11.8532666999963,0.5144792002579806,-3.7701559602427395,4.799114360758701,0.569
OV,561,NRAS,5,0.008912655971479501,5,5.937389490379273,-7.142663656884871,-17.271453753839605,2.9861264400698637,0.089
OV,561,RB1,13,0.023172905525846704,13,3.1572340239476433,2.8111824969612798,-3.4726937796423227,9.095058773564883,0.806
OV,561,TP53,425,0.7575757575757576,431,342.37562054312923,-0.33338291442547785,-1.4451050241133168,0.7783391952623611,0.227
OV,561,ZNF133,7,0.012477718360071301,11,5.855807039366428,2.0209727067514933,-4.809704894182469,8.851650307685457,0.631
PAAD,348,ARID1A,18,0.05172413793103448,18,5.923501507320001,-3.885434259685752,-9.080812520449365,1.3099440010778611,0.07
PAAD,348,CDKN2A,35,0.10057471264367816,36,180.9819235619683,1.9756768514253622,-1.7055858361687535,5.656939539019477,0.866
PAAD,348,EEF2,4,0.011494252873563218,4,3.754587530986178,6.253454629203134,-4.749898375850037,17.256807634256305,0.878
PAAD,348,GNAS,11,0.031609195402298854,11,18.623148336109395,1.5943637201122272,-5.0462492866362085,8.234976726860662,0.671
PAAD,348,KDM6A,7,0.020114942528735632,8,3.7258520596298936,1.6284546292031337,-6.155670627739447,9.412579886145714,0.617
PAAD,348,KRAS,252,0.7241379310344828,256,883.9411518321015,-0.6918578707968663,-2.1065915142944482,0.7228757727007156,0.065
PAAD,348,RNF43,19,0.05459770114942529,19,18.654070956841828,1.8718756818347089,-3.18551406294368,6.929265426613098,0.752
PAAD,348,SMAD4,57,0.16379310344827586,61,87.51064451871417,1.6346021701867386,-1.2014852005623444,4.470689540935822,0.887
PAAD,348,TGFBR2,12,0.034482758620689655,12,13.053048320204224,4.253454629203134,-2.105178523429407,10.612087781835674,0.927
PAAD,348,TP53,181,0.5201149425287356,183,412.7341930828212,-1.2014634035837446,-2.861409279205674,0.4584824720381844,0.025
PAAD,348,U2AF1,3,0.008620689655172414,3,8.0295203878434709,9.836787962536462,-2.8673278369137343,22.54090376198666,0.949
PRAD,1577,AKT1,11,0.006975269499048827,12,3.9522577696843015,1.633971152727696,-3.3261431907925463,6.5940854962479385,0.709
PRAD,1577,APC,34,0.02155992390615092,35,2.0610153401040647,2.912542581299121,0.0062564779763985,5.8188286846218435,0.973
PRAD,1577,BRAF,11,0.006975269499048827,11,2.2719899890699304,-0.38875611999957727,-5.569276038596649,4.791763798597494,0.428
PRAD,1577,CTNNB1,28,0.017755231452124286,29,5.874898084966574,2.608109083762173,-0.5841472241477255,5.800365391672072,0.944
PRAD,1577,FOXA1,84,0.05326569435637286,87,30.813127347440048,0.42420103778516705,-1.4219497109254557,2.27035178649579,0.686
PRAD,1577,HRAS,10,0.0063411540900443885,10,8.337877136921707,-0.2160288472723053,-5.649246072674204,5.217188378129594,0.48
PRAD,1577,IDH1,10,0.0063411540900443885,10,3.81734133979548,-7.716028847272305,-13.149246072674204,-2.2828116218704064,0.003
PRAD,1577,KDM6A,22,0.013950538998097653,23,2.6587915905148938,1.4057102831624775,-2.1782003660161906,4.989620932341145,0.752
PRAD,1577,KMT2D,53,0.033608116677235254,60,1.9452035501810845,3.6673044860610275,1.445981945239775,5.88862702688228,0.998
PRAD,1577,MED12,28,0.017755231452124286,28,2.183091395519234,-4.151743132986589,-7.400409623220773,-0.9030766427524051,0.009
PRAD,1577,PIK3CA,26,0.016487000634115408,27,4.589580721722139,-0.5975103287537848,-3.9056943013173924,2.7106736438098227,0.384
PRAD,1577,PTEN,47,0.029803424223208624,53,20.7827779130697,-1.625462809536458,-3.988449083071002,0.7375234639980861,0.108
PRAD,1577,SPOP,135,0.08560558021559923,135,57.03107961654448,-0.9604732917167453,-2.444570057250207,0.5236234738167165,0.102
PRAD,1577,TP53,202,0.12809131261889664,205,114.66038734095481,-0.1648093350771802,-1.3715878387513492,1.0419691685969887,0.416
PRAD,1577,ZMYM3,26,0.016487000634115408,28,3.4627249311806,-1.0803145615580192,-4.328981051792203,2.1683519286761643,0.282
SARC,531,ATRX,8,0.015065913370998116,8,2.601157923748436,-1.638769685039371,-20.382692743253624,17.105153373174883,0.431
SARC,531,RB1,4,0.007532956685499058,4,4.362679429430067,-6.1325196850393695,-32.62307609681811,20.35803672673937,0.302
SARC,531,TP53,47,0.08851224105461393,47,136.04237840359826,6.422799463896801,-1.359540688222265,14.205139616015867,0.936
SKCM,828,ARID2,103,0.12439613526570048,127,1.994140428014002,2.8288733687410286,-0.16499023400366264,5.822736971485719,0.949
SKCM,828,BRAF,447,0.5398550724637681,501,13.456373183234097,-7.518432020480532,-9.027699162668643,-6.009164878292419,0
SKCM,828,BRD7,21,0.025362318840579712,22,0.7004395876315117,-4.9893084494407915,-12.179948602456161,2.2013317035745787,0.085
SKCM,828,CDK4,11,0.013285024154589372,11,0.7195734493645808,-11.171126631258971,-21.339847157804037,-1.002406104713904,0.014
SKCM,828,CDKN2A,73,0.08816425120772947,76,12.733014549383975,-1.0263897891537113,-4.895862739432754,2.8430831611253318,0.33
SKCM,828,COL5A1,148,0.178743961352657,188,2.7034248925655313,2.14270315597507,-0.3184856356598398,4.603891947609981,0.958
SKCM,828,CTNNB1,47,0.05676328502415459,49,1.3223688778836657,-0.8241878557487681,-5.642786090826234,3.9944103793286976,0.377
SKCM,828,DACH1,52,0.06280193236714976,53,2.4808768140828894,-1.1711266312589714,-5.804387222623046,3.4621339601051035,0.309
SKCM,828,DDX3X,40,0.04830917874396135,40,1.331954705479156,-1.0211266312589728,-6.3541744192116525,4.311921156693707,0.349
SKCM,828,GNA11,14,0.016908212560386472,16,1.1600396213998694,-0.9836266312589714,-9.41522760980778,7.447974347289836,0.422
SKCM,828,HRAS,10,0.012077294685990338,11,1.2559827479818138,13.737964277831935,3.5692437512868675,23.906684804377,0.995
SKCM,828,IDH1,29,0.035024154589371984,29,1.6771657176865584,1.3805975066720606,-4.882515273277879,7.643710286622,0.69
SKCM,828,KIT,34,0.04106280193236715,36,0.9770183095866718,3.30109559096325,-2.320353931599956,8.922545113526457,0.867
SKCM,828,KRAS,13,0.01570048309178744,15,1.7887232257412953,3.6288733687410257,-5.079217070653474,12.336963808135526,0.782
SKCM,828,MAP2K1,52,0.06280193236714976,54,5.655763291752968,-4.874830334962674,-9.465005492941831,-0.2846551769835157,0.016
SKCM,828,MECOM,141,0.17028985507246377,173,3.9508139197051504,-0.09598212258845251,-2.6615214615935483,2.4695572164166433,0.459
SKCM,828,NF1,116,0.14009661835748793,156,6.700849986968191,7.290411830279496,4.588853463229294,9.991970197329696,1
SKCM,828,NRAS,195,0.23550724637681159,201,21.142376257693865,1.0776295876464985,-1.3027433069156293,3.4580024822086264,0.8
SKCM,828,PPP6C,52,0.06280193236714976,55,3.834304630957552,-4.098399358531701,-8.646669689994383,0.44987097293098,0.036
SKCM,828,PTEN,79,0.095410628019323665,82,4.036347197515812,-9.536980289795558,-13.26227418264374,-5.811686396947376,0
SKCM,828,RAC1,61,0.07367149758454106,61,6.003439550101751,3.9764143523475894,-0.342469786104032,8.295298490799212,0.976
SKCM,828,RB1,31,0.03743961352657005,36,0.9632806328708744,-3.3655710757034143,-8.987020598266621,2.255878446859792,0.153
SKCM,828,TP53,91,0.10990338164251208,103,7.509547199471682,-3.5983110972783905,-6.922455224169605,-0.2741669703871761,0.024
STAD,787,APC,46,0.05844980940279543,49,1.648637103337018,0.09476730038826986,-2.8281946807565372,3.017729281533077,0.538
STAD,787,ARID1A,77,0.09783989834815757,84,3.651065832523062,-2.3627156928090045,-4.5966083310011,-0.12882305461690846,0.066
STAD,787,ARID2,25,0.03176620076238882,27,1.9215097267109178,4.678289598196287,0.7422208296610493,8.614358366731524,0.97
STAD,787,BCOR,19,0.0241423125794155,20,1.2101494184773463,0.24680811671480285,-4.325898370651837,4.8195146040814425,0.562
STAD,787,CASP8,11,0.01397712833545108,12,2.271160704395865,-5.053191883285194,-10.955656782177991,0.8492730156076025,0.102
STAD,787,CDH1,53,0.06734434561626429,62,6.293325175139269,-11.303191883285194,-13.902331904966502,-8.704051861603887,0
STAD,787,CDKN2A,9,0.011435832274459974,9,7.181281417543199,0.8634747833814771,-5.9517262115911125,7.678675778354067,0.582
STAD,787,CNBD1,22,0.02795425667090216,22,6.839209170692605,3.969535389442072,-0.3905304974774202,8.329601276361565,0.934
STAD,787,CTNNB1,21,0.026683608640406607,23,2.8868717904980685,-4.759713622415632,-9.02402106691126,-0.4954061779200032,0.043
STAD,787,DMD,63,0.08005082592121983,72,7.621285836115952,-0.23374743884075144,-2.646092788210732,2.1785979105292292,0.459
STAD,787,ERBB2,29,0.036848792884371026,31,2.1954933475107974,-1.3193209155432584,-4.992954536304991,2.3543127052184745,0.259
STAD,787,ERBB4,50,0.06353240152477764,53,3.9619992465345915,-1.123946600266322,-3.9346522973163447,1.6867590967837005,0.259
STAD,787,FBXW7,22,0.02795425667090216,22,3.31827595321336,1.1058990258057122,-3.25416686111378,5.465964912725204,0.675
STAD,787,KRAS,41,0.052096569250317665,41,18.835751596855733,-1.1690455418217738,-4.364002851424427,2.0259117677808796,0.259
STAD,787,MUC6,34,0.043202033036848796,36,1.4589987917236613,-0.4698585499518657,-3.879161476392092,2.9394443764883604,0.414
STAD,787,PIK3CA,77,0.09783989834815757,87,7.633250178087877,-2.3779045269633556,-4.573065432668477,-0.1827436212582345,0.039
STAD,787,PTEN,20,0.025412960609911054,21,4.94319078673822,-2.8031918832851943,-7.265779036587099,1.6593952700167103,0.178
STAD,787,RASA1,19,0.0241423125794155,20,1.6570271140410227,0.9968081167148028,-3.575898370651837,5.5695146040814425,0.623
STAD,787,RHOA,25,0.03176620076238882,26,24.8080630787856,-1.8416534217467344,-5.852627477347288,2.169320633853819,0.231
STAD,787,RNF43,24,0.030495552731893267,25,3.272126758709272,4.156808116714799,0.06647678041843808,8.247139453011162,0.963
STAD,787,SMAD2,9,0.011435832274459974,9,2.0408342490026614,-4.69208077217408,-11.507281767146669,2.1231202227985095,0.126
STAD,787,SMAD4,42,0.053367217280813214,42,8.359828696133441,0.7920462119529077,-2.364705110675726,3.9487975345815416,0.641
STAD,787,TP53,292,0.3710292249047014,299,92.29293397142614,-0.8199142913119459,-2.0086434990544486,0.36881491643055675,0.17
THCA,889,AKT1,5,0.00562429696287964,5,6.640605552546256,8.734806939003917,-5.295554337921699,22.765168215929535,0.883
THCA,889,BRAF,505,0.5680539932508436,505,352.5898925583599,-3.380044546144596,-4.870449106251205,-1.8896399860379869,0
THCA,889,DNMT3A,10,0.01124859392575928,10,7.715292924576687,6.834806939003919,-3.093084226690779,16.762698104698615,0.914
THCA,889,EIF1AX,3,0.003374578177727784,4,14.685661015056317,20.43480693900392,4.75057776308835,36.11903611491949,0.981
THCA,889,HRAS,29,0.03262092238470191,29,81.25421653725239,-3.341055129961596,-9.18634616203107,2.5042359021078777,0.135
THCA,889,KRAS,4,0.0044994375703037125,4,14.083471211528872,5.43480693900392,-10.24942223691165,21.11903611491949,0.752
THCA,889,NRAS,73,0.08211473565804274,73,204.53647611101462,-2.1336862116810096,-5.840318108524891,1.572945685162872,0.11
THCA,889,NUP93,5,0.00562429696287964,5,4.582684750035508,-1.8651930609960772,-15.895554337921693,12.165168215929539,0.439
THCA,889,PPM1D,2,0.0022497187851518562,2,1.7569478937154832,5.93480693900392,-16.239842579096216,28.109456457104056,0.713
UCEC,444,ACVR1,18,0.04054054054054054,19,4.791136797949926,4.918112731978098,0.5124065301775804,9.323818933778616,0.977
UCEC,444,AKT1,13,0.02927927927927928,14,3.87047582133169,-4.7360226063677615,-9.868001589718011,0.39595637698248787,0.071
UCEC,444,ARHGAP35,37,0.08333333333333333,39,3.2579730226059502,1.6266147562696034,-1.4497209510652445,4.702950463604451,0.804
UCEC,444,ARID1A,107,0.240990990990991,124,7.198448990084264,-1.8293405787179964,-3.5575320330270763,-0.10114912440891666,0.047
UCEC,444,ARID5B,29,0.06531531531531531,29,3.229397745584415,-2.002032458584509,-5.568844300677263,1.5647793835082449,0.131
UCEC,444,ATF7IP,12,0.02702702702702703,12,1.1901104106405909,-0.03364165398680541,-5.57659065969606,5.509307351722449,0.498
UCEC,444,ATM,22,0.04954954954954955,25,29.861320371546324,-0.33030832065347226,-4.171574940465094,3.5109582991581494,0.421
UCEC,444,ATR,14,0.03153153153153153,14,0.703855905504931,0.835405965060815,-4.296573018289434,5.967384948411064,0.588
UCEC,444,BCOR,39,0.08783783783783784,39,3.1082370798049133,0.7804609101157496,-2.2958747972190983,3.8567966174505974,0.695
UCEC,444,CCND1,21,0.0472972972972973,23,9.041189613891996,-3.841612668479563,-7.846249759310817,0.16302442235169146,0.039
UCEC,444,CHD3,23,0.0518018018018018,23,1.6945074666813196,1.201865592390007,-2.8027714984412473,5.206502683221261,0.747
UCEC,444,CHD4,59,0.13288288288288289,66,4.136027285811452,0.3072674369222739,-2.0588066154637334,2.673341489308281,0.599
UCEC,444,CTCF,62,0.13963963963963963,72,12.180536684280412,-5.575308320653477,-7.840923148071541,-3.3096934932354127,0
UCEC,444,CTNNB1,95,0.21396396396396397,101,15.474479098968708,-5.014664756297044,-6.928669114467255,-3.1006603981268333,0
UCEC,444,CTNND1,14,0.03153153153153153,15,2.881886795759354,3.2830250126798575,-1.6750369199517658,8.24108694531148,0.883
UCEC,444,DICER1,18,0.04054054054054054,21,1.4521832059754627,5.168739298394144,0.9779091304131597,9.359569466375127,0.978
UCEC,444,EP300,22,0.04954954954954955,23,1.2526959270593716,-0.10248223369696063,-4.107119324528215,3.9021548571342937,0.493
UCEC,444,ERBB2,13,0.02927927927927928,13,1.4236074149117122,5.088153217808056,-0.23744649618732439,10.413752931803437,0.964
UCEC,444,ERBB3,16,0.036036036036036036,19,1.9030216253539427,-2.1871504259166343,-6.592856627717152,2.2185557758838836,0.214
UCEC,444,FAT1,37,0.08333333333333333,45,1.5720381611428642,0.994136123790966,-1.8701200313491047,3.8583922789310368,0.72
UCEC,444,FBXW7,54,0.12162162162162163,55,10.190429722664197,2.71332804298288,0.12199315112637565,5.304662934839385,0.967
UCEC,444,FGFR2,46,0.1036036036036036,49,6.9360739532365105,1.3047937201628486,-1.4402848935567136,4.04987233388241,0.78
UCEC,444,FOXA2,22,0.04954954954954955,24,6.01842307131641,2.7163583460131946,-1.2040395674245779,6.6367562594509675,0.884
UCEC,444,INPPL1,16,0.036036036036036036,17,1.848390458757489,-3.2738377324181798,-7.9313123306004645,1.383636865764105,0.074
UCEC,444,KANSL1,14,0.03153153153153153,16,1.6832720344127874,-3.887808320653477,-8.688527198049886,0.9129105567429319,0.078
UCEC,444,KMT2B,51,0.11486486486486487,60,2.9560295939381778,-0.500308320653474,-2.9815703929795014,1.9809537516725535,0.361
UCEC,444,KMT2C,40,0.09009009009009009,44,1.2554718051863902,0.18605531571016343,-2.710508454055813,3.0826190854761397,0.574
UCEC,444,KRAS,81,0.18243243243243243,82,51.713857501681744,-1.7307961255315263,-3.8541974424549847,0.3926051913919322,0.062
UCEC,444,MAP3K1,18,0.04054054054054054,19,1.6149899318932337,0.6023232582938931,-3.803382943506625,5.008029460094411,0.58
UCEC,444,MAX,5,0.01126126126126126,5,7.009408396312285,-2.250308320653474,-10.836205044028963,6.335588402722015,0.287
UCEC,444,MSH6,6,0.013513513513513514,6,0.7626341345051382,-0.7836416539868125,-8.621614060183788,7.054330752210162,0.404
UCEC,444,MYCN,6,0.013513513513513514,6,1.751598399250511,-1.9503083206534768,-9.788280726850452,5.887664085543498,0.345
UCEC,444,NFE2L2,23,0.0518018018018018,25,20.485242848377453,-4.490308320653476,-8.331574940465098,-0.6490417008418543,0.021
UCEC,444,NRAS,11,0.024774774774774775,11,6.736410385087491,1.09514622480107,-4.694159340708472,6.884451790310612,0.643
UCEC,444,PBRM1,16,0.036036036036036036,16,1.1613841984158098,-0.4503083206534768,-5.2510271980498855,4.350410556742932,0.403
UCEC,444,PDS5B,15,0.033783783783783786,16,1.5267730719591812,-1.5753083206534768,-6.3760271980498855,3.225410556742932,0.277
UCEC,444,PIK3CA,173,0.38963963963963966,207,24.410387282262363,-1.1266368230689352,-2.4664197899504074,0.21314614381253705,0.092
UCEC,444,PIK3R1,90,0.20270270270270271,117,32.579730226059496,0.447127576782421,-1.3317628286094643,2.226017982174306,0.651
UCEC,444,PIK3R2,10,0.02252252252252252,10,2.074938726919329,2.249691679346526,-3.8220617109004467,8.321445069593498,0.752
UCEC,444,PPP2R1A,46,0.1036036036036036,49,14.438358025104575,2.32520188342815,-0.41987673029141215,5.070280497147712,0.913
UCEC,444,PTEN,229,0.5157657657657657,340,98.49953798897056,-2.420896555947593,-3.469048074165668,-1.3727450377295172,0.001
UCEC,444,RB1,11,0.024774774774774775,11,1.5029861706624406,-7.08667195701711,-12.875977522526652,-1.297366391507568,0.015
UCEC,444,RRAS2,3,0.006756756756756757,3,1.7027733567626917,-4.116974987320141,-15.200876239186702,6.966926264546419,0.242
UCEC,444,SCAF4,15,0.033783783783783786,15,1.7458561777928747,-3.316974987320144,-8.275036919951766,1.6410869453114794,0.107
UCEC,444,SIN3A,20,0.04504504504504504,23,2.7399414296416937,-3.972047451088258,-7.9766845419195125,0.03258963974299611,0.057
UCEC,444,SMC1A,17,0.038288288288288286,18,1.8858375912282648,-0.505863876209034,-5.032206155182484,4.020478402764416,0.383
UCEC,444,SOS1,17,0.038288288288288286,19,1.6760935619385102,-1.9239925311797919,-6.32969873298031,2.481713670620726,0.219
UCEC,444,SOX17,23,0.0518018018018018,23,6.729032060459794,0.41925689673782074,-3.5853801940934336,4.423893987569075,0.549
UCEC,444,SPOP,33,0.07432432432432433,35,10.859910075353168,2.4068345364893844,-0.840277544407765,5.653946617386534,0.898
UCEC,444,TAF1,44,0.0990990990990991,47,3.0102707442240826,1.698627849559287,-1.1041362167690463,4.50139191588762,0.885
UCEC,444,TP53,147,0.3310810810810811,150,61.432807993693615,3.163025012679853,1.590918737546325,4.735131287813381,0.998
UCEC,444,U2AF1,2,0.0045045045045045045,2,0.9656114471268377,4.549691679346523,-9.024987782134438,18.124371140827485,0.748
UCEC,444,ZFHX3,44,0.0990990990990991,47,1.6963373883516015,-0.024776405759865838,-2.827540472088199,2.7779876605684675,0.496
UCEC,444,ZMYM2,13,0.02927927927927928,14,1.3510151451818164,-2.164594034939192,-7.2965730182894415,2.9673849484110573,0.223
